{"loss": -1, "val_c_acc": 0.00026041666666666666, "val_v_acc": 0.5903248681867619, "mc": {"alpha_cl": 0.1, "batch_size": 512, "center_loss": true, "eval_steps": 4, "in_channels": 3, "lr": 0.04870701710466754, "lr_cl": 0.6, "lr_decay": 0.99, "model": "resnet18", "n_classes": 4000, "n_epochs": 100, "n_lr_decay_steps": 4}, "run_time": 5238.084787607193, "trajectories": {"epoch": [0, 4, 8, 12, 16, 20, 24, 28, 32, 36, 40, 44, 48, 52, 56, 60, 64, 68, 72, 76, 80, 84, 88, 92, 96], "train_loss": [48.901542607098214, 15.137455618076658, 9.846792100416058, 8.71306891845662, 8.410705416231425, 8.316072755354089, 8.282502251390172, 8.269361184070119, 8.263774467509336, 8.261236614365918, 8.260017474599353, 8.259397709514058, 8.25905390671413, 8.25886827522781, 8.25876123523327, 8.258697880710278, 8.258657671079982, 8.258635093514403, 8.25861827265045, 8.25860296508666, 8.258598020869341, 8.258590210494893, 8.258582948194379, 8.25858739311249, 8.258579757300232], "train_c_acc": [0.0006151160834454913, 0.000654546601615074, 0.000654546601615074, 0.000654546601615074, 0.000654546601615074, 0.000654546601615074, 0.000654546601615074, 0.000654546601615074, 0.000654546601615074, 0.000654546601615074, 0.000654546601615074, 0.000654546601615074, 0.000654546601615074, 0.000654546601615074, 0.000654546601615074, 0.000654546601615074, 0.0006519179004037685, 0.000654546601615074, 0.000654546601615074, 0.000654546601615074, 0.000654546601615074, 0.000654546601615074, 0.000654546601615074, 0.000654546601615074, 0.000654546601615074], "val_c_loss": [59.52130915323893, 59.43394521077474, 59.619527689615886, 59.54743423461914, 59.55409418741862, 59.468224334716794, 59.62341842651367, 59.62084833780924, 59.55314585367839, 59.581739552815755, 59.50277608235677, 59.52137756347656, 59.53045171101888, 59.55901616414388, 59.45395304361979, 59.54642283121745, 59.48141886393229, 59.54409459431966, 59.4173838297526, 59.570370229085285, 59.520880635579424, 59.49309107462565, 59.58137181599935, 59.556617991129556, 59.590674845377606], "val_c_acc": [0.00026041666666666666, 0.00026041666666666666, 0.00026041666666666666, 0.00026041666666666666, 0.00026041666666666666, 0.00026041666666666666, 0.00026041666666666666, 0.00026041666666666666, 0.00026041666666666666, 0.00026041666666666666, 0.00026041666666666666, 0.00026041666666666666, 0.00026041666666666666, 0.00026041666666666666, 0.00026041666666666666, 0.00026041666666666666, 0.00026041666666666666, 0.00026041666666666666, 0.00026041666666666666, 0.00026041666666666666, 0.00026041666666666666, 0.00026041666666666666, 0.00026041666666666666, 0.00026041666666666666, 0.00026041666666666666], "val_v_acc": [0.5416776704698627, 0.5813942519371623, 0.5870818537179403, 0.5893498696022913, 0.5899896835383668, 0.5902857298595541, 0.5903248681867619, 0.5903014961087735, 0.5902856242230434, 0.5902791803958918, 0.5902839604480002, 0.5902844358122983, 0.5902850432222346, 0.590285175267873, 0.5902850168131071, 0.5902834586745744, 0.5902833002198085, 0.5902832209924254, 0.5902832209924254, 0.5902832209924254, 0.5902832209924254, 0.5902832209924254, 0.5902832209924254, 0.5902832209924254, 0.5902832209924254]}}