{"loss": -1, "val_c_acc": 0.0006510416666666666, "val_v_acc": 0.6470012858076081, "mc": {"alpha_cl": 0.1, "batch_size": 512, "center_loss": true, "eval_steps": 4, "in_channels": 3, "lr": 0.08022407913968226, "lr_cl": 0.5, "lr_decay": 0.97, "model": "resnet18", "n_classes": 4000, "n_epochs": 100, "n_lr_decay_steps": 1}, "run_time": 5239.04730796814, "trajectories": {"epoch": [0, 4, 8, 12, 16, 20, 24, 28, 32, 36, 40, 44, 48, 52, 56, 60, 64, 68, 72, 76, 80, 84, 88, 92, 96], "train_loss": [50.463971611628786, 17.56116893249758, 10.821329251593568, 9.073739748784062, 8.534142320923015, 8.344399948941586, 8.270549490506363, 8.23930781686611, 8.225094564188858, 8.21822718624151, 8.214751843007063, 8.21290780397315, 8.211907121085863, 8.211327016273385, 8.210999501666022, 8.210802682797008, 8.210690105587124, 8.210581281464322, 8.210548213481262, 8.210519677697409, 8.21049076326763, 8.210472236571691, 8.210461972058221, 8.210454809874257, 8.21043161877392], "train_c_acc": [0.0005677994616419919, 0.000801753869448183, 0.0010803961978465679, 0.0011776581426648722, 0.0012538904777927322, 0.0012617765814266486, 0.0012880635935397038, 0.0012880635935397038, 0.0012880635935397038, 0.001282806191117093, 0.0012749200874831762, 0.0012722913862718709, 0.0012696626850605653, 0.0012696626850605653, 0.0012696626850605653, 0.0012696626850605653, 0.0012670339838492597, 0.0012696626850605653, 0.0012696626850605653, 0.0012696626850605653, 0.0012696626850605653, 0.0012670339838492597, 0.0012696626850605653, 0.0012696626850605653, 0.0012696626850605653], "val_c_loss": [59.5150863647461, 59.49682693481445, 59.60951207478841, 59.57042617797852, 59.5455815633138, 59.48977991739909, 59.57667999267578, 59.531036376953125, 59.580098470052086, 59.516624450683594, 59.58367741902669, 59.66229375203451, 59.524061584472655, 59.526259358723955, 59.53019307454427, 59.442955271402994, 59.606570688883465, 59.55829823811849, 59.50611241658529, 59.6841547648112, 59.60185063680013, 59.52276814778646, 59.57567774454753, 59.52856216430664, 59.51353225708008], "val_c_acc": [0.0, 0.00026041666666666666, 0.00026041666666666666, 0.0005208333333333333, 0.0005208333333333333, 0.0006510416666666666, 0.0006510416666666666, 0.0006510416666666666, 0.0006510416666666666, 0.0006510416666666666, 0.0006510416666666666, 0.0006510416666666666, 0.0006510416666666666, 0.0006510416666666666, 0.0006510416666666666, 0.0006510416666666666, 0.0006510416666666666, 0.0006510416666666666, 0.0006510416666666666, 0.0006510416666666666, 0.0006510416666666666, 0.0006510416666666666, 0.0006510416666666666, 0.0006510416666666666, 0.0006510416666666666], "val_v_acc": [0.5894418261848402, 0.6363052193732289, 0.6463754687091979, 0.646521062230046, 0.6468901033801149, 0.6470012858076081, 0.6466873869161154, 0.6467255216964717, 0.6466381338930096, 0.6468014479385247, 0.646808314311719, 0.6467898015132219, 0.6467802149998774, 0.6467862362809864, 0.6467889564211364, 0.6467896694675836, 0.6467895902402004, 0.6467898015132219, 0.6467900127862433, 0.6467900391953708, 0.6467898807406047, 0.6467900127862432, 0.6467899599679878, 0.6467899599679878, 0.6467899599679878]}}