{"loss": -1, "val_c_acc": 0.0006510416666666666, "val_v_acc": 0.6328949294897418, "mc": {"alpha_cl": 1, "batch_size": 512, "center_loss": true, "eval_steps": 4, "in_channels": 3, "lr": 0.011099475908341119, "lr_cl": 0.5, "lr_decay": 0.98, "model": "resnet18", "n_classes": 4000, "n_epochs": 100, "n_lr_decay_steps": 2}, "run_time": 5251.331020116806, "trajectories": {"epoch": [0, 4, 8, 12, 16, 20, 24, 28, 32, 36, 40, 44, 48, 52, 56, 60, 64, 68, 72, 76, 80, 84, 88, 92, 96], "train_loss": [431.14409624102296, 101.4825343341237, 34.213183956223254, 16.81883727365034, 11.47320350374861, 9.602693157273057, 8.87821305841007, 8.573371376355917, 8.436045259036735, 8.37033127262326, 8.337180666455028, 8.319633587853906, 8.309966005194395, 8.30442626896649, 8.301147145185304, 8.299142879881416, 8.297889361631823, 8.297078864250338, 8.296552017591843, 8.296196773267209, 8.295957915715542, 8.29579213040995, 8.295677154253502, 8.2955965514459, 8.295534113374405], "train_c_acc": [0.0003759042732166891, 0.000654546601615074, 0.000654546601615074, 0.0006519179004037685, 0.000654546601615074, 0.000654546601615074, 0.000654546601615074, 0.0006519179004037685, 0.000654546601615074, 0.000654546601615074, 0.000654546601615074, 0.000654546601615074, 0.000654546601615074, 0.000654546601615074, 0.000654546601615074, 0.0006519179004037685, 0.000654546601615074, 0.000654546601615074, 0.000654546601615074, 0.000654546601615074, 0.000654546601615074, 0.000654546601615074, 0.000654546601615074, 0.000654546601615074, 0.000654546601615074], "val_c_loss": [520.3250773111979, 521.2552897135416, 520.6448567708334, 521.0342325846354, 520.7741414388021, 520.2618367513021, 520.478857421875, 521.0218627929687, 520.136767578125, 520.8659830729167, 520.4978759765625, 520.0907348632812, 520.7688151041667, 520.1206420898437, 521.2007202148437, 520.236405436198, 520.3548583984375, 520.1980590820312, 520.4559000651042, 520.6512288411458, 520.4691446940104, 520.2404134114583, 520.2622477213541, 519.983809407552, 519.9164143880208], "val_c_acc": [0.0006510416666666666, 0.00026041666666666666, 0.00026041666666666666, 0.00026041666666666666, 0.00026041666666666666, 0.00026041666666666666, 0.00026041666666666666, 0.00026041666666666666, 0.00026041666666666666, 0.00026041666666666666, 0.00026041666666666666, 0.00026041666666666666, 0.00026041666666666666, 0.00026041666666666666, 0.00026041666666666666, 0.00026041666666666666, 0.00026041666666666666, 0.00026041666666666666, 0.00026041666666666666, 0.00026041666666666666, 0.00026041666666666666, 0.00026041666666666666, 0.00026041666666666666, 0.00026041666666666666, 0.00026041666666666666], "val_v_acc": [0.6328949294897418, 0.6234629887695713, 0.620997775928904, 0.6212893326983875, 0.6213525033317755, 0.621397927031369, 0.6213981118952626, 0.6214119502781621, 0.621411158004332, 0.6214126633246091, 0.621413244325418, 0.6214115013229916, 0.6214117654142683, 0.6214123200059495, 0.6214126897337369, 0.6214127689611199, 0.6214126369154815, 0.6214126897337369, 0.6214126369154815, 0.6214126369154815, 0.6214126369154815, 0.6214126369154815, 0.6214126369154815, 0.6214126369154815, 0.6214126369154815]}}