{"loss": -1, "val_c_acc": 0.001953125, "val_v_acc": 0.7158166589622439, "mc": {"alpha_cl": 0.01, "batch_size": 512, "center_loss": true, "eval_steps": 4, "in_channels": 3, "lr": 0.011528669462992186, "lr_cl": 0.4, "lr_decay": 0.99, "model": "resnet18", "n_classes": 4000, "n_epochs": 100, "n_lr_decay_steps": 4}, "run_time": 5267.112741947174, "trajectories": {"epoch": [0, 4, 8, 12, 16, 20, 24, 28, 32, 36, 40, 44, 48, 52, 56, 60, 64, 68, 72, 76, 80, 84, 88, 92, 96], "train_loss": [12.668359805244457, 9.523836312993538, 8.620619395218819, 8.305098554167099, 8.181412355415272, 8.12882448558371, 8.105002246666725, 8.09369776996597, 8.08818410254744, 8.08541990128693, 8.083966201279077, 8.083215989463262, 8.082785629488097, 8.082559051616355, 8.082385686974506, 8.082314217876778, 8.082249192177528, 8.082221646007266, 8.082191604624526, 8.082197965876091, 8.082173699164615, 8.082171250159776, 8.082158098952446, 8.082171699400705, 8.08214838251291], "train_c_acc": [0.0006729475100942127, 0.0027969380888290714, 0.002836368606998654, 0.0027522501682368775, 0.002786423283983849, 0.0028337399057873484, 0.0027995667900403767, 0.002810081594885599, 0.0027969380888290714, 0.002786423283983849, 0.002786423283983849, 0.002760136271870794, 0.0027575075706594886, 0.0027548788694481833, 0.0027548788694481833, 0.0027548788694481833, 0.0027469927658142664, 0.0027522501682368775, 0.0027522501682368775, 0.0027548788694481833, 0.0027548788694481833, 0.002749621467025572, 0.0027522501682368775, 0.0027548788694481833, 0.0027522501682368775], "val_c_loss": [13.420770708719889, 13.394674046834309, 13.386287434895833, 13.390424474080403, 13.398039754231771, 13.414856656392415, 13.43160597483317, 13.437801869710286, 13.442384274800618, 13.444471295674642, 13.450054868062336, 13.434357770284016, 13.449457740783691, 13.44782288869222, 13.449112955729166, 13.45328566233317, 13.439602279663086, 13.443557103474935, 13.450666236877442, 13.449245580037434, 13.445578893025717, 13.448739051818848, 13.448783874511719, 13.44215660095215, 13.445009358723958], "val_c_acc": [0.00026041666666666666, 0.0016927083333333334, 0.001953125, 0.0018229166666666667, 0.0014322916666666666, 0.0014322916666666666, 0.0014322916666666666, 0.0014322916666666666, 0.0014322916666666666, 0.0014322916666666666, 0.0014322916666666666, 0.0014322916666666666, 0.0014322916666666666, 0.0014322916666666666, 0.0014322916666666666, 0.0014322916666666666, 0.0014322916666666666, 0.0014322916666666666, 0.0014322916666666666, 0.0014322916666666666, 0.0014322916666666666, 0.0014322916666666666, 0.0014322916666666666, 0.0014322916666666666, 0.0014322916666666666], "val_v_acc": [0.6262888182485804, 0.6875602656293444, 0.7018253936227661, 0.7121433605762851, 0.7146007563151618, 0.7158166589622439, 0.7156787240884203, 0.7148572681722264, 0.7134553660389605, 0.7128138091004586, 0.7120653216040185, 0.7116631369987231, 0.7115216897109193, 0.7114952541741211, 0.7114913456232259, 0.711490526940268, 0.7114903156672466, 0.711490368485502, 0.7114904741220126, 0.711490526940268, 0.711490526940268, 0.711490526940268, 0.711490526940268, 0.711490526940268, 0.711490526940268]}}