{"loss": -1, "val_c_acc": 0.00026041666666666666, "val_v_acc": 0.6425813221550187, "mc": {"alpha_cl": 0.1, "batch_size": 512, "center_loss": true, "eval_steps": 4, "in_channels": 3, "lr": 0.1725711970552441, "lr_cl": 0.6, "lr_decay": 0.96, "model": "resnet18", "n_classes": 4000, "n_epochs": 100, "n_lr_decay_steps": 1}, "run_time": 5245.1449842453, "trajectories": {"epoch": [0, 4, 8, 12, 16, 20, 24, 28, 32, 36, 40, 44, 48, 52, 56, 60, 64, 68, 72, 76, 80, 84, 88, 92, 96], "train_loss": [48.991659398033995, 15.120192838389011, 9.824285354460232, 8.688151534120296, 8.38458830960506, 8.289489180050179, 8.255800167612561, 8.242545845370595, 8.236928136319845, 8.23435404483595, 8.233132364932814, 8.232503093909447, 8.232150317842835, 8.231944165030848, 8.231841617445605, 8.23176180530204, 8.231739009533724, 8.231705732332745, 8.231684779735787, 8.23169481962879, 8.23167419947012, 8.2316542942463, 8.23166834906967, 8.231655183743339, 8.231653516417717], "train_c_acc": [0.0005152254374158815, 0.000654546601615074, 0.000654546601615074, 0.000654546601615074, 0.0006571753028263795, 0.0006571753028263795, 0.0006571753028263795, 0.0006571753028263795, 0.0006571753028263795, 0.0006571753028263795, 0.000654546601615074, 0.0006571753028263795, 0.0006571753028263795, 0.0006571753028263795, 0.0006571753028263795, 0.000654546601615074, 0.0006571753028263795, 0.0006571753028263795, 0.0006571753028263795, 0.0006571753028263795, 0.0006571753028263795, 0.0006571753028263795, 0.0006571753028263795, 0.0006571753028263795, 0.0006571753028263795], "val_c_loss": [59.64033508300781, 59.539181518554685, 59.429568735758465, 59.53960367838542, 59.48094126383464, 59.603354136149086, 59.63593419392904, 59.573934173583986, 59.50599314371745, 59.53895543416341, 59.62051213582357, 59.5096799214681, 59.6582400004069, 59.515271504720054, 59.51721293131511, 59.47448883056641, 59.53604278564453, 59.62742970784505, 59.65265630086263, 59.588843790690106, 59.57432607014974, 59.54049123128255, 59.439612833658856, 59.584616088867186, 59.613295237223305], "val_c_acc": [0.00026041666666666666, 0.00026041666666666666, 0.00026041666666666666, 0.00026041666666666666, 0.00026041666666666666, 0.00026041666666666666, 0.00026041666666666666, 0.00026041666666666666, 0.00026041666666666666, 0.00026041666666666666, 0.00026041666666666666, 0.00026041666666666666, 0.00026041666666666666, 0.00026041666666666666, 0.00026041666666666666, 0.00026041666666666666, 0.00026041666666666666, 0.00026041666666666666, 0.00026041666666666666, 0.00026041666666666666, 0.00026041666666666666, 0.00026041666666666666, 0.00026041666666666666, 0.00026041666666666666, 0.00026041666666666666], "val_v_acc": [0.6425813221550187, 0.5968526499552523, 0.5879886111165102, 0.5823978251977727, 0.5814468061012268, 0.5807241203225209, 0.5805004878294063, 0.5804598970001766, 0.5804439194779358, 0.5804416218838286, 0.5804433912953826, 0.5804404862913387, 0.580439667608381, 0.580440063745296, 0.580439984517913, 0.580439667608381, 0.5804395883809979, 0.5804395883809979, 0.5804395883809979, 0.5804395883809979, 0.5804395883809979, 0.5804395883809979, 0.5804395883809979, 0.5804395883809979, 0.5804395883809979]}}