{"loss": -1, "val_c_acc": 0.00026041666666666666, "val_v_acc": 0.5970657716155541, "mc": {"alpha_cl": 1, "batch_size": 512, "center_loss": true, "eval_steps": 4, "in_channels": 3, "lr": 0.044207443969519165, "lr_cl": 0.4, "lr_decay": 0.98, "model": "resnet18", "n_classes": 4000, "n_epochs": 100, "n_lr_decay_steps": 4}, "run_time": 5255.028513908386, "trajectories": {"epoch": [0, 4, 8, 12, 16, 20, 24, 28, 32, 36, 40, 44, 48, 52, 56, 60, 64, 68, 72, 76, 80, 84, 88, 92, 96], "train_loss": [448.30434055251357, 135.79739473324926, 51.78328334659459, 25.042082869990516, 15.384502846010601, 11.53031340839083, 9.865138994732904, 9.096072850285115, 8.720781889770425, 8.528632642763942, 8.42608077818099, 8.369126562475357, 8.336415746491177, 8.31710587600359, 8.30532798150988, 8.297959423963668, 8.293234836686187, 8.290149784986617, 8.288081235872784, 8.286677189823115, 8.28570141285297, 8.285014945757982, 8.284529815612219, 8.284177155064702, 8.283917889139373], "train_c_acc": [0.0004074486877523553, 0.0006703188088829071, 0.000654546601615074, 0.000654546601615074, 0.000654546601615074, 0.000654546601615074, 0.000654546601615074, 0.000654546601615074, 0.000654546601615074, 0.000654546601615074, 0.000654546601615074, 0.000654546601615074, 0.000654546601615074, 0.000654546601615074, 0.000654546601615074, 0.000654546601615074, 0.000654546601615074, 0.000654546601615074, 0.000654546601615074, 0.000654546601615074, 0.000654546601615074, 0.000654546601615074, 0.000654546601615074, 0.000649289199192463, 0.000654546601615074], "val_c_loss": [520.3184041341145, 520.9114054361979, 520.6609293619791, 520.9808430989583, 519.8057210286458, 520.0993774414062, 520.6613159179688, 520.5490641276042, 519.9689412434896, 520.6849731445312, 520.6209391276042, 519.5709716796875, 519.8356526692709, 520.2004475911458, 520.4400431315104, 520.6772664388021, 520.8331420898437, 520.3466267903646, 521.7378295898437, 520.5119588216146, 520.1779134114583, 520.6062337239583, 519.880322265625, 520.6672078450521, 520.3262654622396], "val_c_acc": [0.00013020833333333333, 0.00026041666666666666, 0.00026041666666666666, 0.00026041666666666666, 0.00026041666666666666, 0.00026041666666666666, 0.00026041666666666666, 0.00026041666666666666, 0.00026041666666666666, 0.00026041666666666666, 0.00026041666666666666, 0.00026041666666666666, 0.00026041666666666666, 0.00026041666666666666, 0.00026041666666666666, 0.00026041666666666666, 0.00026041666666666666, 0.00026041666666666666, 0.00026041666666666666, 0.00026041666666666666, 0.00026041666666666666, 0.00026041666666666666, 0.00026041666666666666, 0.00026041666666666666, 0.00026041666666666666], "val_v_acc": [0.5970657716155541, 0.5100340688310602, 0.5107750561352418, 0.5109056756807006, 0.5109035365413592, 0.5109045136790831, 0.5109035365413592, 0.5109044344517, 0.5109048041794875, 0.5109044608608277, 0.5109044608608277, 0.5109044608608277, 0.5109044608608277, 0.5109044608608277, 0.5109044608608277, 0.5109044608608277, 0.5109044608608277, 0.5109044608608277, 0.5109044608608277, 0.5109044608608277, 0.5109044608608277, 0.5109044608608277, 0.5109044608608277, 0.5109044608608277, 0.5109044608608277]}}