{"loss": -1, "val_c_acc": 0.008984375, "val_v_acc": 0.8267545643423535, "mc": {"alpha_cl": 0.1, "batch_size": 512, "center_loss": true, "eval_steps": 4, "in_channels": 3, "lr": 0.009065311360363055, "lr_cl": 0.6, "lr_decay": 1, "model": "resnet18", "n_classes": 4000, "n_epochs": 100, "n_lr_decay_steps": 4}, "run_time": 5253.367941856384, "trajectories": {"epoch": [0, 4, 8, 12, 16, 20, 24, 28, 32, 36, 40, 44, 48, 52, 56, 60, 64, 68, 72, 76, 80, 84, 88, 92, 96], "train_loss": [48.87598324207085, 15.161272202975656, 9.86291598888618, 8.717977876778727, 8.400983633295525, 8.28274304837911, 8.206124006658992, 8.119651402952211, 8.007075006836677, 7.874514604160314, 7.741658065713752, 7.627621915747949, 7.533271669539276, 7.454623776200963, 7.385642131276599, 7.3189659259842355, 7.254298029164126, 7.183393425768188, 7.111130520601131, 7.034920513389249, 6.957236660280908, 6.877155904654378, 6.7894205411703075, 6.7016080449439315, 6.60589214994962], "train_c_acc": [0.00034173115746971734, 0.0010278221736204577, 0.0009621046433378196, 0.0009463324360699866, 0.001206573855989233, 0.0017480863055181696, 0.0019872981157469717, 0.0020372434387617767, 0.0022054803162853296, 0.002789051985195155, 0.003469885598923284, 0.0037827010430686405, 0.004242723755047106, 0.004579197510094213, 0.005380951379542396, 0.006322026413189771, 0.007084349764468372, 0.007925534152086137, 0.009234627355316286, 0.010683041722745626, 0.01244690023553163, 0.014731241588156124, 0.017649099932705248, 0.02097440696500673, 0.025054151244952895], "val_c_loss": [59.464586639404295, 59.509028879801434, 59.505672963460285, 59.51196848551432, 59.57768147786458, 59.615519205729164, 59.528734334309895, 59.53645502726237, 59.556871541341145, 59.55112940470378, 59.604095713297525, 59.55499038696289, 59.58830795288086, 59.71312611897786, 59.708519236246744, 59.73828837076823, 59.812279256184894, 59.74183146158854, 59.870016479492186, 59.89036382039388, 60.01969985961914, 60.04209594726562, 60.202744547526045, 60.217028554280596, 60.34196548461914], "val_c_acc": [0.00013020833333333333, 0.00026041666666666666, 0.00026041666666666666, 0.00026041666666666666, 0.000390625, 0.00078125, 0.0009114583333333333, 0.0013020833333333333, 0.0013020833333333333, 0.0016927083333333334, 0.0016927083333333334, 0.0016927083333333334, 0.002734375, 0.003125, 0.002994791666666667, 0.0032552083333333335, 0.003125, 0.0037760416666666667, 0.00390625, 0.004557291666666667, 0.005598958333333333, 0.005989583333333334, 0.007942708333333333, 0.008072916666666667, 0.008984375], "val_v_acc": [0.6256842604979451, 0.6624686629291061, 0.6627677462999756, 0.6684448636570685, 0.6784630341932709, 0.7085015154613823, 0.706332216896264, 0.7465047783619241, 0.7683822317698848, 0.788216437379099, 0.787008800788978, 0.7908412405782796, 0.8041345126734234, 0.813506082127739, 0.8129869843142458, 0.8221813749310195, 0.818602357130845, 0.8191028365093302, 0.8267545643423535, 0.8216811860529383, 0.8242955048284337, 0.8259920535991204, 0.8248874126069146, 0.8229873550983983, 0.8219005138582426]}}