{"loss": -1, "val_c_acc": 0.0005208333333333333, "val_v_acc": 0.6375829457881879, "mc": {"alpha_cl": 0.1, "batch_size": 512, "center_loss": true, "eval_steps": 4, "in_channels": 3, "lr": 0.010658919978443187, "lr_cl": 0.5, "lr_decay": 0.96, "model": "resnet18", "n_classes": 4000, "n_epochs": 100, "n_lr_decay_steps": 1}, "run_time": 5250.914257526398, "trajectories": {"epoch": [0, 4, 8, 12, 16, 20, 24, 28, 32, 36, 40, 44, 48, 52, 56, 60, 64, 68, 72, 76, 80, 84, 88, 92, 96], "train_loss": [50.3782795922753, 17.59273233067139, 10.87495536855541, 9.137575474273147, 8.60352601273384, 8.416617470506383, 8.344221607993783, 8.313760269698994, 8.30003388637168, 8.293471725279037, 8.290162390687103, 8.288414996212616, 8.287448877922458, 8.286897480888932, 8.286566426263041, 8.286364393632152, 8.28623965482853, 8.286158561706543, 8.286103554080023, 8.286067943393302, 8.286044446809134, 8.286027942980924, 8.286015448948897, 8.286006562963308, 8.286003470902166], "train_c_acc": [0.0003916764804845222, 0.0006966058209959623, 0.0006729475100942127, 0.000649289199192463, 0.0006440317967698519, 0.0006361456931359354, 0.0006308882907133243, 0.0006282595895020189, 0.0006335169919246299, 0.0006335169919246299, 0.0006335169919246299, 0.0006308882907133243, 0.0006335169919246299, 0.0006335169919246299, 0.0006335169919246299, 0.0006335169919246299, 0.0006335169919246299, 0.0006308882907133243, 0.0006335169919246299, 0.0006335169919246299, 0.0006335169919246299, 0.0006308882907133243, 0.0006335169919246299, 0.0006335169919246299, 0.0006335169919246299], "val_c_loss": [59.56201019287109, 59.57118530273438, 59.5202028910319, 59.48990198771159, 59.415018208821614, 59.42839686075846, 59.56603469848633, 59.488879140218096, 59.46130142211914, 59.548789723714194, 59.45665690104167, 59.48046137491862, 59.48515904744466, 59.519398244222, 59.58873825073242, 59.504686991373696, 59.453923034667966, 59.561999257405596, 59.44214630126953, 59.42068862915039, 59.497431945800784, 59.50386403401693, 59.53469467163086, 59.49071426391602, 59.50763626098633], "val_c_acc": [0.0005208333333333333, 0.00013020833333333333, 0.00026041666666666666, 0.00026041666666666666, 0.00026041666666666666, 0.00026041666666666666, 0.00026041666666666666, 0.00026041666666666666, 0.00026041666666666666, 0.00026041666666666666, 0.00026041666666666666, 0.00026041666666666666, 0.00026041666666666666, 0.00026041666666666666, 0.00026041666666666666, 0.00026041666666666666, 0.00026041666666666666, 0.00026041666666666666, 0.00026041666666666666, 0.00026041666666666666, 0.00026041666666666666, 0.00026041666666666666, 0.00026041666666666666, 0.00026041666666666666, 0.00026041666666666666], "val_v_acc": [0.5710082550707638, 0.6375829457881879, 0.629188382012046, 0.6250575718983219, 0.6214635537136305, 0.6193614135601786, 0.6182573799779093, 0.6178375540753298, 0.6177398667120763, 0.6177198221841743, 0.6177173397261733, 0.6177173133170456, 0.6177166002705985, 0.617720086275451, 0.6177164946340877, 0.6177164418158325, 0.6177164154067049, 0.6177164154067049, 0.6177164154067049, 0.6177164154067049, 0.6177164154067049, 0.6177164154067049, 0.6177164154067049, 0.6177164154067049, 0.6177164154067049]}}