{"loss": -1, "val_c_acc": 0, "val_v_acc": 1.0, "mc": {"alpha_cl": 0.01, "batch_size": 64, "eval_steps": 4, "lr": 0.010747683066212222, "lr_cl": 0.6, "lr_decay": 0.9, "ls_exp_fct_t_bn": [1, 6, 6, 6, 6, 6, 6], "ls_n_rep_bn": [1, 2, 3, 4, 3, 3, 1], "ls_out_ch_bn": [16, 24, 32, 64, 96, 160, 320], "ls_stride_bn": [1, 2, 2, 2, 1, 2, 1], "n_classes": 6, "n_embeddings": 1280, "n_epochs": 16, "n_in_ch_bn": 3, "n_lr_decay_steps": 2}, "run_time": 253.23492074012756, "trajectories": {"epoch": [0, 4, 8, 12], "train_loss": [10.69079860051473, 2.076208511988322, 1.724380910396576, 1.6842987537384033], "val_c_loss": [16.8026762008667, 14.488836765289307, 15.137983322143555, 14.810769081115723], "val_c_acc": [0.0, 0.0, 0.0, 0.0], "val_v_acc": [0.5, 0.5, 1.0, 0.5]}}