{"loss": -1, "val_c_acc": 0.0005208333333333333, "val_v_acc": 0.5896811456997912, "mc": {"alpha_cl": 0.1, "batch_size": 512, "center_loss": true, "eval_steps": 4, "in_channels": 3, "lr": 0.027371428982504, "lr_cl": 0.6, "lr_decay": 0.99, "model": "resnet18", "n_classes": 4000, "n_epochs": 100, "n_lr_decay_steps": 4}, "run_time": 5227.820035934448, "trajectories": {"epoch": [0, 4, 8, 12, 16, 20, 24, 28, 32, 36, 40, 44, 48, 52, 56, 60, 64, 68, 72, 76, 80, 84, 88, 92, 96], "train_loss": [48.83113961713953, 15.141675608957119, 9.856943650329097, 8.724493685192247, 8.42248221329372, 8.32806057500005, 8.294668704632313, 8.281616489466876, 8.276079387074365, 8.273569107055664, 8.272356083383471, 8.271738926462659, 8.271403124001916, 8.271212218427081, 8.271114557299608, 8.271047397064168, 8.271001639950162, 8.270978382105461, 8.270966451549915, 8.27095527571913, 8.270946331973994, 8.270939518914409, 8.27093580818433, 8.270934813436558, 8.27093559639932], "train_c_acc": [0.0005125967362045761, 0.000867471399730821, 0.0008858723082099596, 0.0008911297106325706, 0.0008937584118438762, 0.0008963871130551817, 0.0008937584118438762, 0.0008963871130551817, 0.0008990158142664872, 0.0008990158142664872, 0.0008990158142664872, 0.0008990158142664872, 0.0008990158142664872, 0.0008990158142664872, 0.0008963871130551817, 0.0008990158142664872, 0.0008990158142664872, 0.0008990158142664872, 0.0008990158142664872, 0.0008990158142664872, 0.0008990158142664872, 0.0008963871130551817, 0.0008990158142664872, 0.0008963871130551817, 0.0008990158142664872], "val_c_loss": [59.572286732991536, 59.536677551269534, 59.49572499593099, 59.510066477457684, 59.55772908528646, 59.59582672119141, 59.457472737630205, 59.470864359537764, 59.45644963582357, 59.47076466878255, 59.52108154296875, 59.56550038655599, 59.54663340250651, 59.48645248413086, 59.50932108561198, 59.539852650960285, 59.56738255818685, 59.43171717325846, 59.52037811279297, 59.478583272298174, 59.530880482991535, 59.46727396647135, 59.4705924987793, 59.57374064127604, 59.57641118367513], "val_c_acc": [0.0005208333333333333, 0.0005208333333333333, 0.000390625, 0.00026041666666666666, 0.00026041666666666666, 0.00026041666666666666, 0.00026041666666666666, 0.00026041666666666666, 0.00026041666666666666, 0.00026041666666666666, 0.00026041666666666666, 0.00026041666666666666, 0.00026041666666666666, 0.00026041666666666666, 0.00026041666666666666, 0.00026041666666666666, 0.00026041666666666666, 0.00026041666666666666, 0.00026041666666666666, 0.00026041666666666666, 0.00026041666666666666, 0.00026041666666666666, 0.00026041666666666666, 0.00026041666666666666, 0.00026041666666666666], "val_v_acc": [0.5534302076475763, 0.581591501711734, 0.5884864231731011, 0.5896811456997912, 0.5895718383203625, 0.5886378795202919, 0.5881342574556137, 0.5877749612736551, 0.5876146050504394, 0.5875741198577202, 0.5875641636165885, 0.587563160069737, 0.5875632128879924, 0.5875631072514816, 0.587563160069737, 0.5875623942050345, 0.5875624734324176, 0.5875624998415452, 0.5875624998415452, 0.5875624998415452, 0.5875624998415452, 0.5875624998415452, 0.5875624998415452, 0.5875624998415452, 0.5875624998415452]}}