{"loss": -1, "val_c_acc": 0.0013020833333333333, "val_v_acc": 0.6661887054710417, "mc": {"alpha_cl": 0.01, "batch_size": 512, "center_loss": true, "eval_steps": 4, "in_channels": 3, "lr": 0.1525910953160405, "lr_cl": 0.5, "lr_decay": 0.98, "model": "resnet18", "n_classes": 4000, "n_epochs": 100, "n_lr_decay_steps": 1}, "run_time": 5135.936640501022, "trajectories": {"epoch": [0, 4, 8, 12, 16, 20, 24, 28, 32, 36, 40, 44, 48, 52, 56, 60, 64, 68, 72, 76, 80, 84, 88, 92, 96], "train_loss": [12.430496973112165, NaN, NaN, NaN, NaN, NaN, NaN, NaN, NaN, NaN, NaN, NaN, NaN, NaN, NaN, NaN, NaN, NaN, NaN, NaN, NaN, NaN, NaN, NaN, NaN], "train_c_acc": [0.0012670339838492597, 0.00010514804845222073, 0.00010777674966352625, 0.00010777674966352625, 0.00010777674966352625, 0.00010777674966352625, 0.00010777674966352625, 0.00010777674966352625, 0.00010777674966352625, 0.00010777674966352625, 0.00010777674966352625, 0.00010777674966352625, 0.00010777674966352625, 0.00010777674966352625, 0.00010777674966352625, 0.00010777674966352625, 0.00010777674966352625, 0.00010777674966352625, 0.00010777674966352625, 0.00010777674966352625, 0.00010777674966352625, 0.00010777674966352625, 0.00010777674966352625, 0.00010777674966352625, 0.00010777674966352625], "val_c_loss": [13.242089017232258, NaN, NaN, NaN, NaN, NaN, NaN, NaN, NaN, NaN, NaN, NaN, NaN, NaN, NaN, NaN, NaN, NaN, NaN, NaN, NaN, NaN, NaN, NaN, NaN], "val_c_acc": [0.0013020833333333333, 0.00026041666666666666, 0.00026041666666666666, 0.00026041666666666666, 0.00026041666666666666, 0.00026041666666666666, 0.00026041666666666666, 0.00026041666666666666, 0.00026041666666666666, 0.00026041666666666666, 0.00026041666666666666, 0.00026041666666666666, 0.00026041666666666666, 0.00026041666666666666, 0.00026041666666666666, 0.00026041666666666666, 0.00026041666666666666, 0.00026041666666666666, 0.00026041666666666666, 0.00026041666666666666, 0.00026041666666666666, 0.00026041666666666666, 0.00026041666666666666, 0.00026041666666666666, 0.00026041666666666666], "val_v_acc": [0.6661887054710417, -1, -1, -1, -1, -1, -1, -1, -1, -1, -1, -1, -1, -1, -1, -1, -1, -1, -1, -1, -1, -1, -1, -1, -1]}}