{"loss": -1, "val_c_acc": 0.0009114583333333333, "val_v_acc": 0.635120822815458, "mc": {"alpha_cl": 0.1, "batch_size": 512, "center_loss": true, "eval_steps": 4, "in_channels": 3, "lr": 0.22146138199322027, "lr_cl": 0.6, "lr_decay": 0.96, "model": "resnet18", "n_classes": 4000, "n_epochs": 100, "n_lr_decay_steps": 1}, "run_time": 5253.112858772278, "trajectories": {"epoch": [0, 4, 8, 12, 16, 20, 24, 28, 32, 36, 40, 44, 48, 52, 56, 60, 64, 68, 72, 76, 80, 84, 88, 92, 96], "train_loss": [49.01281962131588, 15.087100688734093, 9.740051515971988, 8.581900846910028, 8.27072071034366, 8.17315852882724, 8.138628487311014, 8.125231673547429, 8.119598773735529, 8.117031813630506, 8.115773584768878, 8.115146004174953, 8.114820695982326, 8.114644870783728, 8.114531658218816, 8.114437117390485, 8.114412043328882, 8.114393680926769, 8.114381849204227, 8.114321870405934, 8.114347565703566, 8.11437359472303, 8.114362816791354, 8.11432921228627, 8.114332394195598], "train_c_acc": [0.0005520272543741589, 0.0010725100942126514, 0.0011171980148048453, 0.0011697720390309557, 0.001156628532974428, 0.0011434850269179005, 0.001151371130551817, 0.0011487424293405114, 0.0011434850269179005, 0.0011434850269179005, 0.0011434850269179005, 0.0011461137281292058, 0.0011461137281292058, 0.0011434850269179005, 0.0011461137281292058, 0.0011461137281292058, 0.0011461137281292058, 0.001140856325706595, 0.0011461137281292058, 0.0011461137281292058, 0.0011434850269179005, 0.0011461137281292058, 0.0011461137281292058, 0.0011461137281292058, 0.0011461137281292058], "val_c_loss": [59.558580525716145, 59.54078598022461, 59.4905143737793, 59.44961929321289, 59.590423838297525, 59.56028747558594, 59.57273610432943, 59.55839513142904, 59.457498677571614, 59.55063705444336, 59.53772455851237, 59.51893793741862, 59.6169682820638, 59.51878407796224, 59.49376576741536, 59.487021891276044, 59.52758967081706, 59.5513910929362, 59.485338338216145, 59.55323486328125, 59.50143839518229, 59.557499440511066, 59.49804509480794, 59.55284779866536, 59.592455037434895], "val_c_acc": [0.00026041666666666666, 0.0006510416666666666, 0.0009114583333333333, 0.0009114583333333333, 0.0009114583333333333, 0.0009114583333333333, 0.0009114583333333333, 0.0009114583333333333, 0.0009114583333333333, 0.0009114583333333333, 0.0009114583333333333, 0.0009114583333333333, 0.0009114583333333333, 0.0009114583333333333, 0.0009114583333333333, 0.0009114583333333333, 0.0009114583333333333, 0.0009114583333333333, 0.0009114583333333333, 0.0009114583333333333, 0.0009114583333333333, 0.0009114583333333333, 0.0009114583333333333, 0.0009114583333333333, 0.0009114583333333333], "val_v_acc": [0.5199589095100747, 0.6121160957928781, 0.6301136786182406, 0.6341156650071875, 0.6327043348153432, 0.635120822815458, 0.6339997025275859, 0.6322235038278445, 0.6330326002722887, 0.6329189882050497, 0.6329325096784171, 0.6329615861279825, 0.632969561684539, 0.632969878594071, 0.6329702219127307, 0.63297011627622, 0.632970195503603, 0.6329702483218583, 0.6329703011401138, 0.6329700106397094, 0.6329700898670924, 0.6329700898670924, 0.6329700898670924, 0.6329700898670924, 0.6329700898670924]}}