{"loss": -1, "val_c_acc": 0, "val_v_acc": 1.0, "mc": {"alpha_cl": 0.1, "batch_size": 64, "eval_steps": 4, "lr": 0.0008832129721042711, "lr_cl": 0.4, "lr_decay": 0.94, "ls_exp_fct_t_bn": [1, 6, 6, 6, 6, 6, 6], "ls_n_rep_bn": [1, 2, 3, 4, 3, 3, 1], "ls_out_ch_bn": [16, 24, 32, 64, 96, 160, 320], "ls_stride_bn": [1, 2, 2, 2, 1, 2, 1], "n_classes": 6, "n_embeddings": 1280, "n_epochs": 16, "n_in_ch_bn": 3, "n_lr_decay_steps": 4}, "run_time": 295.9385895729065, "trajectories": {"epoch": [0, 4, 8, 12], "train_loss": [99.69171333312988, 5.896698792775472, 2.1047945817311606, 1.7197817762692769], "val_c_loss": [125.88636779785156, 133.17426300048828, 130.79919052124023, 128.99342727661133], "val_c_acc": [0.0, 0.0, 0.0, 0.0], "val_v_acc": [1.0, 0.5, 0.5, 0.0]}}