{"loss": -1, "val_c_acc": 0.0014322916666666666, "val_v_acc": 0.6360670354507678, "mc": {"alpha_cl": 0.01, "batch_size": 512, "center_loss": true, "eval_steps": 4, "in_channels": 3, "lr": 0.020022704098821786, "lr_cl": 0.5, "lr_decay": 0.97, "model": "resnet18", "n_classes": 4000, "n_epochs": 100, "n_lr_decay_steps": 4}, "run_time": 5232.370978355408, "trajectories": {"epoch": [0, 4, 8, 12, 16, 20, 24, 28, 32, 36, 40, 44, 48, 52, 56, 60, 64, 68, 72, 76, 80, 84, 88, 92, 96], "train_loss": [12.508830852174823, 9.207782062515115, 8.533643418333893, 8.359493961565267, 8.306057555197386, 8.287388451166782, 8.280163041033944, 8.277131442587276, 8.27576768703127, 8.275113121176473, 8.274781107742085, 8.274604289079258, 8.274514096903127, 8.274454373530391, 8.274421358172697, 8.27440244769665, 8.274385870706345, 8.274383909448801, 8.274374789857928, 8.274377783086067, 8.274370501532369, 8.274369735255696, 8.274367961395798, 8.274367259296401, 8.274370276911904], "train_c_acc": [0.0007123780282637954, 0.002013585127860027, 0.0020109564266487215, 0.0020083277254374157, 0.002003070323014805, 0.0020056990242261104, 0.0020056990242261104, 0.0020056990242261104, 0.0020056990242261104, 0.002003070323014805, 0.0020056990242261104, 0.002003070323014805, 0.001997812920592194, 0.0020056990242261104, 0.0020056990242261104, 0.0020056990242261104, 0.0020056990242261104, 0.0020056990242261104, 0.0020056990242261104, 0.0020056990242261104, 0.002003070323014805, 0.002003070323014805, 0.0020056990242261104, 0.002003070323014805, 0.0020004416218034993], "val_c_loss": [13.404209200541178, 13.410194778442383, 13.421548589070637, 13.409714063008627, 13.420741208394368, 13.409820938110352, 13.412220573425293, 13.410246276855469, 13.417800903320312, 13.411125119527181, 13.410955556233723, 13.415373929341634, 13.417195320129395, 13.417815081278484, 13.419417190551759, 13.41420783996582, 13.422425524393718, 13.413576825459797, 13.419374402364095, 13.419596099853516, 13.417116038004558, 13.41370792388916, 13.410931015014649, 13.417204030354817, 13.418546104431153], "val_c_acc": [0.0006510416666666666, 0.0014322916666666666, 0.0013020833333333333, 0.0013020833333333333, 0.0013020833333333333, 0.0013020833333333333, 0.0013020833333333333, 0.0013020833333333333, 0.0013020833333333333, 0.0013020833333333333, 0.0013020833333333333, 0.0013020833333333333, 0.0013020833333333333, 0.0013020833333333333, 0.0013020833333333333, 0.0013020833333333333, 0.0013020833333333333, 0.0013020833333333333, 0.0013020833333333333, 0.0013020833333333333, 0.0013020833333333333, 0.0013020833333333333, 0.0013020833333333333, 0.0013020833333333333, 0.0013020833333333333], "val_v_acc": [0.600559540751608, 0.6360670354507678, 0.6346936815845139, 0.6342345324908328, 0.6342324725788746, 0.6342326046245129, 0.6342327366701512, 0.6342327366701512, 0.6342327366701512, 0.6342327366701512, 0.6342327366701512, 0.6342327366701512, 0.6342327366701512, 0.6342327366701512, 0.6342327366701512, 0.6342327366701512, 0.6342327366701512, 0.6342327366701512, 0.6342327366701512, 0.6342327366701512, 0.6342327366701512, 0.6342327366701512, 0.6342327366701512, 0.6342327366701512, 0.6342327366701512]}}