{"loss": -1, "val_c_acc": 0.00026041666666666666, "val_v_acc": 0.5407834309978087, "mc": {"alpha_cl": 1, "batch_size": 512, "center_loss": true, "eval_steps": 4, "in_channels": 3, "lr": 0.13211114822042117, "lr_cl": 0.6, "lr_decay": 0.97, "model": "resnet18", "n_classes": 4000, "n_epochs": 100, "n_lr_decay_steps": 2}, "run_time": 5249.001490354538, "trajectories": {"epoch": [0, 4, 8, 12, 16, 20, 24, 28, 32, 36, 40, 44, 48, 52, 56, 60, 64, 68, 72, 76, 80, 84, 88, 92, 96], "train_loss": [418.145211385365, 77.15104909925088, 24.154452394508578, 12.798418242709955, 9.769013128883905, 8.82265825258771, 8.488600943964551, 8.358282360061501, 8.30332143662916, 8.27823681144663, 8.266082844535243, 8.259846008321318, 8.256503075642028, 8.254614862105727, 8.253529611538749, 8.25286486716803, 8.252472880069533, 8.252213321495827, 8.252052914245935, 8.251936275898046, 8.251868581707674, 8.251814100334814, 8.251776043210343, 8.251753697966503, 8.251743659357043], "train_c_acc": [0.0004863097240915209, 0.000654546601615074, 0.000654546601615074, 0.000654546601615074, 0.000654546601615074, 0.000654546601615074, 0.000654546601615074, 0.000654546601615074, 0.000654546601615074, 0.000654546601615074, 0.000654546601615074, 0.000654546601615074, 0.000654546601615074, 0.0006519179004037685, 0.0006519179004037685, 0.000654546601615074, 0.000654546601615074, 0.000654546601615074, 0.000654546601615074, 0.000654546601615074, 0.000654546601615074, 0.000654546601615074, 0.0006519179004037685, 0.0006519179004037685, 0.000654546601615074], "val_c_loss": [522.305350748698, 520.6722045898438, 520.1028198242187, 519.956298828125, 519.9439819335937, 521.323661295573, 520.4399536132812, 518.9376953125, 519.6098714192708, 520.3686686197917, 519.9824951171875, 521.0515665690104, 519.8560872395833, 519.9830078125, 521.3668823242188, 520.3224975585938, 519.8163614908855, 521.518896484375, 520.7167439778646, 520.6923990885417, 521.0324991861979, 521.0069539388021, 521.0771077473959, 520.9050211588542, 520.3195475260417], "val_c_acc": [0.00026041666666666666, 0.00026041666666666666, 0.00026041666666666666, 0.00026041666666666666, 0.00026041666666666666, 0.00026041666666666666, 0.00026041666666666666, 0.00026041666666666666, 0.00026041666666666666, 0.00026041666666666666, 0.00026041666666666666, 0.00026041666666666666, 0.00026041666666666666, 0.00026041666666666666, 0.00026041666666666666, 0.00026041666666666666, 0.00026041666666666666, 0.00026041666666666666, 0.00026041666666666666, 0.00026041666666666666, 0.00026041666666666666, 0.00026041666666666666, 0.00026041666666666666, 0.00026041666666666666, 0.00026041666666666666], "val_v_acc": [0.518891875115672, 0.5407834309978087, 0.5375158824493811, 0.5357242344099524, 0.5351297385369597, 0.5350643495368472, 0.5350517523829483, 0.5350459423748608, 0.5350464969665419, 0.535046734648691, 0.5350470251490953, 0.5350470251490953, 0.5350470251490953, 0.5350470251490953, 0.5350470251490953, 0.5350470251490953, 0.5350470251490953, 0.5350470251490953, 0.5350470251490953, 0.5350470251490953, 0.5350470251490953, 0.5350470251490953, 0.5350470251490953, 0.5350470251490953, 0.5350470251490953]}}