{"loss": -1, "val_c_acc": 0.001171875, "val_v_acc": 0.6984883098411818, "mc": {"alpha_cl": 0.01, "batch_size": 512, "center_loss": true, "eval_steps": 4, "in_channels": 3, "lr": 0.09254300565461872, "lr_cl": 0.4, "lr_decay": 0.96, "model": "resnet18", "n_classes": 4000, "n_epochs": 100, "n_lr_decay_steps": 4}, "run_time": 5236.8968386650085, "trajectories": {"epoch": [0, 4, 8, 12, 16, 20, 24, 28, 32, 36, 40, 44, 48, 52, 56, 60, 64, 68, 72, 76, 80, 84, 88, 92, 96], "train_loss": [12.663769867025506, 9.36299710126135, 8.491274376736996, 8.21428313325905, 8.114629156336008, 8.07494466943343, 8.057808952408555, 8.04989765919394, 8.046089653051077, 8.044095013054992, 8.043087815532454, 8.042459538615088, 8.04212571217266, 8.041949799692969, 8.041842439453823, 8.04176245980757, 8.041671702871412, 8.041668819386416, 8.041650150216926, 8.041634797087267, 8.041627544413345, 8.041646006290236, 8.041597715457387, 8.041623385725881, 8.041605157454274], "train_c_acc": [0.0010672526917900403, 0.002394746803499327, 0.0024052616083445493, 0.002418405114401077, 0.002413147711978466, 0.002415776413189771, 0.002418405114401077, 0.002418405114401077, 0.002418405114401077, 0.002418405114401077, 0.002415776413189771, 0.002418405114401077, 0.002413147711978466, 0.002418405114401077, 0.002413147711978466, 0.002418405114401077, 0.002418405114401077, 0.002415776413189771, 0.002418405114401077, 0.002415776413189771, 0.002418405114401077, 0.002413147711978466, 0.002418405114401077, 0.002418405114401077, 0.002418405114401077], "val_c_loss": [13.423947842915853, 13.336751492818196, 13.339641507466634, 13.341955693562825, 13.350889841715494, 13.349249903361002, 13.340944862365722, 13.34248472849528, 13.34569009145101, 13.349064954121907, 13.340322367350261, 13.345427831013998, 13.346514066060385, 13.349115689595541, 13.346247100830078, 13.341938463846843, 13.354654184977214, 13.361340268452961, 13.34117348988851, 13.328375180562338, 13.339077695210774, 13.35043150583903, 13.35255495707194, 13.34572073618571, 13.334377797444661], "val_c_acc": [0.0009114583333333333, 0.001171875, 0.001171875, 0.001171875, 0.001171875, 0.001171875, 0.001171875, 0.001171875, 0.001171875, 0.001171875, 0.001171875, 0.001171875, 0.001171875, 0.001171875, 0.001171875, 0.001171875, 0.001171875, 0.001171875, 0.001171875, 0.001171875, 0.001171875, 0.001171875, 0.001171875, 0.001171875, 0.001171875], "val_v_acc": [0.6524773768848722, 0.6984883098411818, 0.6974728260639921, 0.6969176797912284, 0.6969149860602061, 0.6969149596510784, 0.6969149596510784, 0.6969149596510784, 0.6969149596510784, 0.6969149596510784, 0.6969149596510784, 0.6969149596510784, 0.6969149596510784, 0.6969149596510784, 0.6969149596510784, 0.6969149596510784, 0.6969149596510784, 0.6969149596510784, 0.6969149596510784, 0.6969149596510784, 0.6969149596510784, 0.6969149596510784, 0.6969149596510784, 0.6969149596510784, 0.6969149596510784]}}