{"loss": -1, "val_c_acc": 0.0005208333333333333, "val_v_acc": 0.6790641323481813, "mc": {"alpha_cl": 0.01, "batch_size": 512, "center_loss": true, "eval_steps": 4, "in_channels": 3, "lr": 0.0480647219590815, "lr_cl": 0.6, "lr_decay": 1, "model": "resnet18", "n_classes": 4000, "n_epochs": 100, "n_lr_decay_steps": 4}, "run_time": 5144.237725496292, "trajectories": {"epoch": [0, 4, 8, 12, 16, 20, 24, 28, 32, 36, 40, 44, 48, 52, 56, 60, 64, 68, 72, 76, 80, 84, 88, 92, 96], "train_loss": [12.336606857433294, NaN, NaN, NaN, NaN, NaN, NaN, NaN, NaN, NaN, NaN, NaN, NaN, NaN, NaN, NaN, NaN, NaN, NaN, NaN, NaN, NaN, NaN, NaN, NaN], "train_c_acc": [0.0009910203566621803, 0.00010777674966352625, 0.00010777674966352625, 0.00010777674966352625, 0.00010777674966352625, 0.00010777674966352625, 0.00010777674966352625, 0.00010777674966352625, 0.00010777674966352625, 0.00010777674966352625, 0.00010777674966352625, 0.00010777674966352625, 0.00010777674966352625, 0.00010777674966352625, 0.00010777674966352625, 0.00010777674966352625, 0.00010777674966352625, 0.00010514804845222073, 0.00010777674966352625, 0.00010777674966352625, 0.00010777674966352625, 0.00010777674966352625, 0.00010777674966352625, 0.00010777674966352625, 0.00010777674966352625], "val_c_loss": [13.390684000651042, NaN, NaN, NaN, NaN, NaN, NaN, NaN, NaN, NaN, NaN, NaN, NaN, NaN, NaN, NaN, NaN, NaN, NaN, NaN, NaN, NaN, NaN, NaN, NaN], "val_c_acc": [0.0005208333333333333, 0.00026041666666666666, 0.00026041666666666666, 0.00026041666666666666, 0.00026041666666666666, 0.00026041666666666666, 0.00026041666666666666, 0.00026041666666666666, 0.00026041666666666666, 0.00026041666666666666, 0.00026041666666666666, 0.00026041666666666666, 0.00026041666666666666, 0.00026041666666666666, 0.00026041666666666666, 0.00026041666666666666, 0.00026041666666666666, 0.00026041666666666666, 0.00026041666666666666, 0.00026041666666666666, 0.00026041666666666666, 0.00026041666666666666, 0.00026041666666666666, 0.00026041666666666666, 0.00026041666666666666], "val_v_acc": [0.6790641323481813, -1, -1, -1, -1, -1, -1, -1, -1, -1, -1, -1, -1, -1, -1, -1, -1, -1, -1, -1, -1, -1, -1, -1, -1]}}