{"loss": -1, "val_c_acc": 0.00026041666666666666, "val_v_acc": 0.601067916459267, "mc": {"alpha_cl": 1, "batch_size": 512, "center_loss": true, "eval_steps": 4, "in_channels": 3, "lr": 0.17463066164012828, "lr_cl": 0.4, "lr_decay": 0.99, "model": "resnet18", "n_classes": 4000, "n_epochs": 100, "n_lr_decay_steps": 4}, "run_time": 5248.605996131897, "trajectories": {"epoch": [0, 4, 8, 12, 16, 20, 24, 28, 32, 36, 40, 44, 48, 52, 56, 60, 64, 68, 72, 76, 80, 84, 88, 92, 96], "train_loss": [451.5903180662748, 136.20720491884214, 51.79477031394578, 24.997486468760513, 15.333363494513653, 11.480445759132765, 9.816145642769609, 9.048595963705276, 8.67395091024735, 8.482828619021266, 8.380746551349379, 8.324180804543989, 8.291769584768714, 8.27260892644705, 8.260938476264718, 8.253606422752904, 8.24899320486898, 8.245950837475455, 8.243910265803176, 8.242522098495051, 8.241569529311333, 8.240895449714095, 8.240430722807812, 8.240093291527812, 8.239839852899113], "train_c_acc": [0.0004915671265141319, 0.000654546601615074, 0.0006519179004037685, 0.000654546601615074, 0.000654546601615074, 0.000654546601615074, 0.000654546601615074, 0.000654546601615074, 0.000654546601615074, 0.000654546601615074, 0.000654546601615074, 0.000654546601615074, 0.000654546601615074, 0.0006519179004037685, 0.000654546601615074, 0.000654546601615074, 0.000654546601615074, 0.0006519179004037685, 0.000654546601615074, 0.000654546601615074, 0.000654546601615074, 0.000654546601615074, 0.000654546601615074, 0.000654546601615074, 0.000654546601615074], "val_c_loss": [523.7134440104167, 521.1362182617188, 520.2628540039062, 521.1710083007813, 521.0408772786458, 520.1722086588542, 520.7226684570312, 521.0035237630208, 520.4304158528646, 520.0135416666667, 519.8596516927083, 521.0225626627604, 519.9326700846354, 520.808154296875, 520.4122192382813, 520.6474690755208, 520.693359375, 519.6778483072917, 521.0433675130208, 520.4278645833333, 520.6177490234375, 520.472733561198, 519.5713053385417, 520.2480672200521, 520.4395833333333], "val_c_acc": [0.00026041666666666666, 0.00026041666666666666, 0.00026041666666666666, 0.00026041666666666666, 0.00026041666666666666, 0.00026041666666666666, 0.00026041666666666666, 0.00026041666666666666, 0.00026041666666666666, 0.00026041666666666666, 0.00026041666666666666, 0.00026041666666666666, 0.00026041666666666666, 0.00026041666666666666, 0.00026041666666666666, 0.00026041666666666666, 0.00026041666666666666, 0.00026041666666666666, 0.00026041666666666666, 0.00026041666666666666, 0.00026041666666666666, 0.00026041666666666666, 0.00026041666666666666, 0.00026041666666666666, 0.00026041666666666666], "val_v_acc": [0.5960464321057244, 0.5945466577453112, 0.6002757746747874, 0.6002320675684927, 0.601067916459267, 0.6010246318990149, 0.60105212380092, 0.6009501317498561, 0.600953274436049, 0.6009508712054309, 0.6009527990717508, 0.600956311485731, 0.6009581337155403, 0.6009590844441365, 0.6009597710814558, 0.6009598767179665, 0.6009598503088389, 0.6009598503088389, 0.6009598503088389, 0.6009598503088389, 0.6009598503088389, 0.6009598503088389, 0.6009598503088389, 0.6009598503088389, 0.6009598503088389]}}