{"loss": -1, "val_c_acc": 0.0005208333333333333, "val_v_acc": 0.5547022561000859, "mc": {"alpha_cl": 1, "batch_size": 512, "center_loss": true, "eval_steps": 4, "in_channels": 3, "lr": 0.2814831597800215, "lr_cl": 0.5, "lr_decay": 0.99, "model": "resnet18", "n_classes": 4000, "n_epochs": 100, "n_lr_decay_steps": 1}, "run_time": 5137.727495908737, "trajectories": {"epoch": [0, 4, 8, 12, 16, 20, 24, 28, 32, 36, 40, 44, 48, 52, 56, 60, 64, 68, 72, 76, 80, 84, 88, 92, 96], "train_loss": [441.952308172172, NaN, NaN, NaN, NaN, NaN, NaN, NaN, NaN, NaN, NaN, NaN, NaN, NaN, NaN, NaN, NaN, NaN, NaN, NaN, NaN, NaN, NaN, NaN, NaN], "train_c_acc": [0.0005283689434724091, 0.00010777674966352625, 0.00010777674966352625, 0.00010777674966352625, 0.00010777674966352625, 0.00010777674966352625, 0.00010777674966352625, 0.00010777674966352625, 0.00010777674966352625, 0.00010777674966352625, 0.00010777674966352625, 0.00010777674966352625, 0.00010777674966352625, 0.00010777674966352625, 0.00010777674966352625, 0.00010777674966352625, 0.00010777674966352625, 0.00010777674966352625, 0.00010777674966352625, 0.00010777674966352625, 0.00010777674966352625, 0.00010777674966352625, 0.00010777674966352625, 0.00010777674966352625, 0.00010777674966352625], "val_c_loss": [529.8921956380208, NaN, NaN, NaN, NaN, NaN, NaN, NaN, NaN, NaN, NaN, NaN, NaN, NaN, NaN, NaN, NaN, NaN, NaN, NaN, NaN, NaN, NaN, NaN, NaN], "val_c_acc": [0.0005208333333333333, 0.00026041666666666666, 0.00026041666666666666, 0.00026041666666666666, 0.00026041666666666666, 0.00026041666666666666, 0.00026041666666666666, 0.00026041666666666666, 0.00026041666666666666, 0.00026041666666666666, 0.00026041666666666666, 0.00026041666666666666, 0.00026041666666666666, 0.00026041666666666666, 0.00026041666666666666, 0.00026041666666666666, 0.00026041666666666666, 0.00026041666666666666, 0.00026041666666666666, 0.00026041666666666666, 0.00026041666666666666, 0.00026041666666666666, 0.00026041666666666666, 0.00026041666666666666, 0.00026041666666666666], "val_v_acc": [0.5547022561000859, -1, -1, -1, -1, -1, -1, -1, -1, -1, -1, -1, -1, -1, -1, -1, -1, -1, -1, -1, -1, -1, -1, -1, -1]}}