{"loss": -1, "val_c_acc": 0.000390625, "val_v_acc": 0.6073534208905074, "mc": {"alpha_cl": 1, "batch_size": 512, "center_loss": true, "eval_steps": 4, "in_channels": 3, "lr": 0.023847310158512085, "lr_cl": 0.6, "lr_decay": 0.98, "model": "resnet18", "n_classes": 4000, "n_epochs": 100, "n_lr_decay_steps": 2}, "run_time": 5232.68957901001, "trajectories": {"epoch": [0, 4, 8, 12, 16, 20, 24, 28, 32, 36, 40, 44, 48, 52, 56, 60, 64, 68, 72, 76, 80, 84, 88, 92, 96], "train_loss": [416.4212562283789, 76.96504848577774, 24.12731651213737, 12.808686673560983, 9.790827563762024, 8.848786094788748, 8.51631530232898, 8.386949966605226, 8.33218902598159, 8.307291790742733, 8.2952338882282, 8.289076101731805, 8.285760529108677, 8.283899223820518, 8.282816369633014, 8.282166261531783, 8.281765251108325, 8.28150694527504, 8.28134149112419, 8.281231558018064, 8.281164612134726, 8.281106762738439, 8.281076163013402, 8.28105540551536, 8.281032387693669], "train_c_acc": [0.00037064687079407804, 0.0005993438761776581, 0.000654546601615074, 0.000654546601615074, 0.000654546601615074, 0.000654546601615074, 0.000654546601615074, 0.000654546601615074, 0.0006519179004037685, 0.000654546601615074, 0.000654546601615074, 0.000654546601615074, 0.000654546601615074, 0.000654546601615074, 0.000654546601615074, 0.000654546601615074, 0.000654546601615074, 0.000654546601615074, 0.000654546601615074, 0.0006519179004037685, 0.000654546601615074, 0.000654546601615074, 0.000654546601615074, 0.0006519179004037685, 0.000654546601615074], "val_c_loss": [521.385693359375, 520.6048950195312, 520.950516764323, 520.2235595703125, 520.7021565755208, 519.8333821614583, 520.8546020507813, 519.6723917643229, 519.3473999023438, 520.0753255208333, 519.6562337239583, 520.5046508789062, 519.6246337890625, 520.75283203125, 520.2450561523438, 520.7665730794271, 520.380859375, 520.5004028320312, 520.9815958658854, 520.4175944010417, 520.3779744466145, 520.474198404948, 520.7818969726562, 521.1047566731771, 520.1816365559896], "val_c_acc": [0.000390625, 0.00026041666666666666, 0.00026041666666666666, 0.00026041666666666666, 0.00026041666666666666, 0.00026041666666666666, 0.00026041666666666666, 0.00026041666666666666, 0.00026041666666666666, 0.00026041666666666666, 0.00026041666666666666, 0.00026041666666666666, 0.00026041666666666666, 0.00026041666666666666, 0.00026041666666666666, 0.00026041666666666666, 0.00026041666666666666, 0.00026041666666666666, 0.00026041666666666666, 0.00026041666666666666, 0.00026041666666666666, 0.00026041666666666666, 0.00026041666666666666, 0.00026041666666666666, 0.00026041666666666666], "val_v_acc": [0.6073534208905074, 0.5711260661893023, 0.5718303712151495, 0.5681226353267084, 0.5660331451454108, 0.5651377172626115, 0.5649268931964171, 0.5648841896369738, 0.5648728865303307, 0.5648706681636064, 0.5648681064782224, 0.5648679216143286, 0.5648675782956689, 0.5648677895686904, 0.564867815977818, 0.5648677895686904, 0.5648677895686904, 0.5648677895686904, 0.5648677895686904, 0.5648677895686904, 0.5648677895686904, 0.5648677895686904, 0.5648677895686904, 0.5648677895686904, 0.5648677895686904]}}