{"loss": -1, "val_c_acc": 0.281640625, "val_v_acc": 0.8777939800710384, "mc": {"alpha_cl": 0.01, "batch_size": 512, "center_loss": true, "eval_steps": 4, "in_channels": 3, "lr": 0.01914704636022292, "lr_cl": 0.6, "lr_decay": 1, "model": "resnet18", "n_classes": 4000, "n_epochs": 100, "n_lr_decay_steps": 2}, "run_time": 5203.083003520966, "trajectories": {"epoch": [0, 4, 8, 12, 16, 20, 24, 28, 32, 36, 40, 44, 48, 52, 56, 60, 64, 68, 72, 76, 80, 84, 88, 92, 96], "train_loss": [12.348526124196932, 8.197636201917563, 6.5812658942724465, 5.439211984662637, 4.525532213547349, 3.771162511843531, 3.1196026824525034, 2.5352640893225074, 1.9925616416443406, 1.4887092914106388, 1.0437439387290668, 0.6716940360467174, 0.47250637203495083, 0.3812287389670535, 0.3269671298774062, 0.2902729500029963, 0.26429438643147457, 0.24548701296183173, 0.23127927491754735, 0.22152553901858477, 0.2152538995081772, 0.21002784547863546, 0.2081091326547343, 0.21131395766183153, 0.2114971032814896], "train_c_acc": [0.0011697720390309557, 0.0077336389636608344, 0.05712693472409152, 0.1598197762449529, 0.2862997350269179, 0.4051406880888291, 0.5163163484185733, 0.6269136944818304, 0.7412779693808883, 0.8527585590511441, 0.9454781081763123, 0.9936516865746972, 0.9996398679340511, 0.9999579407806191, 0.9999921138963661, 0.9999947425975774, 0.9999894851951547, 0.9999973712987887, 0.9999921138963661, 1.0, 0.9999921138963661, 0.9999921138963661, 0.999973712987887, 0.9999710842866757, 0.9999684555854643], "val_c_loss": [13.415517425537109, 12.886505444844564, 12.169430287679036, 11.507206916809082, 11.031739870707193, 10.82859083811442, 10.752753448486327, 10.815262095133464, 11.042426045735677, 11.307004102071126, 11.62584311167399, 11.858110109965006, 11.99636402130127, 12.193575223286947, 12.401306915283204, 12.546344312032064, 12.732049242655437, 12.87302754720052, 13.001918601989747, 13.140675163269043, 13.232726669311523, 13.31416498819987, 13.399411900838215, 13.474121475219727, 13.479487037658691], "val_c_acc": [0.00078125, 0.004557291666666667, 0.037109375, 0.11497395833333333, 0.192578125, 0.23997395833333332, 0.2708333333333333, 0.281640625, 0.28151041666666665, 0.2766927083333333, 0.25950520833333335, 0.2484375, 0.234375, 0.22213541666666667, 0.21119791666666668, 0.20559895833333333, 0.19596354166666666, 0.184375, 0.18151041666666667, 0.17799479166666668, 0.174609375, 0.17057291666666666, 0.16783854166666667, 0.16861979166666666, 0.16549479166666667], "val_v_acc": [0.6408308987638839, 0.8010096790509278, 0.8428966946758354, 0.8587335090843173, 0.8729765062287513, 0.8777939800710384, 0.8726380204393972, 0.8641785694365687, 0.8661615516059709, 0.8537465150515124, 0.8548397473005647, 0.8477847601163859, 0.8423669803930186, 0.8417103438426168, 0.8388614327860235, 0.8357088959886013, 0.8303988126878745, 0.8306326126951423, 0.8249397554979577, 0.8255710392857959, 0.817340264919467, 0.8143488502099632, 0.8214195772342334, 0.8157791685646028, 0.8110395752398161]}}