{"loss": -1, "val_c_acc": 0.06809895833333333, "val_v_acc": 0.8561730649292699, "mc": {"alpha_cl": 0.01, "batch_size": 512, "center_loss": true, "eval_steps": 4, "in_channels": 3, "lr": 0.02839968344207896, "lr_cl": 0.4, "lr_decay": 0.99, "model": "resnet18", "n_classes": 4000, "n_epochs": 100, "n_lr_decay_steps": 2}, "run_time": 5231.600948572159, "trajectories": {"epoch": [0, 4, 8, 12, 16, 20, 24, 28, 32, 36, 40, 44, 48, 52, 56, 60, 64, 68, 72, 76, 80, 84, 88, 92, 96], "train_loss": [12.667562063738282, 8.838751396292151, 7.322982090478951, 6.573183397906625, 6.142392383128765, 5.867636277569736, 5.687751871419627, 5.569167154473861, 5.491959954976715, 5.443532167822323, 5.413367055145921, 5.394809172901138, 5.383523247283689, 5.376666510570418, 5.372311973956841, 5.369569444078777, 5.368080601878313, 5.367075232124585, 5.366352533748621, 5.36605984301458, 5.365781793042435, 5.365773546904285, 5.365675255555965, 5.36564754316656, 5.365676621248392], "train_c_acc": [0.001106683209959623, 0.006863538862718708, 0.03017223250336474, 0.057839312752355314, 0.08350332267833109, 0.10400719212651413, 0.11911433798788694, 0.1302390015141319, 0.13788326463660835, 0.14290408395020188, 0.14655534993270525, 0.1483454954576043, 0.15004889384253028, 0.15098996887617766, 0.15160771366083445, 0.15207825117765814, 0.1523910666218035, 0.1524883285666218, 0.15263816453566623, 0.15270388206594884, 0.15278800050471064, 0.1528195449192463, 0.15278537180349933, 0.15281165881561237, 0.15277485699865412], "val_c_loss": [13.416474596659343, 12.918324851989746, 12.538073921203614, 12.339628537495932, 12.24698715209961, 12.269172032674154, 12.34087479909261, 12.441220029195149, 12.531257565816244, 12.583603986104329, 12.655363400777182, 12.702371597290039, 12.741911443074544, 12.780181821187337, 12.80361328125, 12.82828000386556, 12.851948738098145, 12.84613094329834, 12.866133308410644, 12.874866612752278, 12.867334810892741, 12.867749722798665, 12.869767379760741, 12.860534032185873, 12.865616416931152], "val_c_acc": [0.0010416666666666667, 0.005208333333333333, 0.016145833333333335, 0.03177083333333333, 0.04635416666666667, 0.053385416666666664, 0.060546875, 0.061328125, 0.06236979166666667, 0.065234375, 0.06471354166666667, 0.066015625, 0.06640625, 0.06640625, 0.0671875, 0.06809895833333333, 0.06770833333333333, 0.06783854166666667, 0.06770833333333333, 0.06770833333333333, 0.06770833333333333, 0.06770833333333333, 0.06770833333333333, 0.06770833333333333, 0.06770833333333333], "val_v_acc": [0.642523169255888, 0.7942097776309195, 0.820392737532145, 0.8377713168140366, 0.842886791252959, 0.8561730649292699, 0.8537566033382826, 0.8537800546436541, 0.851583581086163, 0.851328548140248, 0.8507310152175731, 0.8496273249539635, 0.8501822335445782, 0.8496963584136945, 0.8499610306912092, 0.8500175462244245, 0.8497492823055464, 0.8497584198637205, 0.849717327261065, 0.8496962527771839, 0.8496796150267514, 0.8496729599265783, 0.8496637167318937, 0.8496599138175092, 0.8496580915876999]}}