{"loss": -1, "val_c_acc": 0.00026041666666666666, "val_v_acc": 0.4922238059482652, "mc": {"alpha_cl": 1, "batch_size": 512, "center_loss": true, "eval_steps": 4, "in_channels": 3, "lr": 0.10873086657135177, "lr_cl": 0.6, "lr_decay": 0.98, "model": "resnet18", "n_classes": 4000, "n_epochs": 100, "n_lr_decay_steps": 1}, "run_time": 5129.721863746643, "trajectories": {"epoch": [0, 4, 8, 12, 16, 20, 24, 28, 32, 36, 40, 44, 48, 52, 56, 60, 64, 68, 72, 76, 80, 84, 88, 92, 96], "train_loss": [418.2908042199198, NaN, NaN, NaN, NaN, NaN, NaN, NaN, NaN, NaN, NaN, NaN, NaN, NaN, NaN, NaN, NaN, NaN, NaN, NaN, NaN, NaN, NaN, NaN, NaN], "train_c_acc": [0.0004626514131897712, 0.00010777674966352625, 0.00010777674966352625, 0.00010777674966352625, 0.00010777674966352625, 0.00010777674966352625, 0.00010777674966352625, 0.00010777674966352625, 0.00010777674966352625, 0.00010777674966352625, 0.00010777674966352625, 0.00010777674966352625, 0.00010777674966352625, 0.00010777674966352625, 0.00010777674966352625, 0.00010777674966352625, 0.00010777674966352625, 0.00010777674966352625, 0.00010777674966352625, 0.00010777674966352625, 0.00010777674966352625, 0.00010777674966352625, 0.00010777674966352625, 0.00010777674966352625, 0.00010777674966352625], "val_c_loss": [522.6369547526042, NaN, NaN, NaN, NaN, NaN, NaN, NaN, NaN, NaN, NaN, NaN, NaN, NaN, NaN, NaN, NaN, NaN, NaN, NaN, NaN, NaN, NaN, NaN, NaN], "val_c_acc": [0.00026041666666666666, 0.00026041666666666666, 0.00026041666666666666, 0.00026041666666666666, 0.00026041666666666666, 0.00026041666666666666, 0.00026041666666666666, 0.00026041666666666666, 0.00026041666666666666, 0.00026041666666666666, 0.00026041666666666666, 0.00026041666666666666, 0.00026041666666666666, 0.00026041666666666666, 0.00026041666666666666, 0.00026041666666666666, 0.00026041666666666666, 0.00026041666666666666, 0.00026041666666666666, 0.00026041666666666666, 0.00026041666666666666, 0.00026041666666666666, 0.00026041666666666666, 0.00026041666666666666, 0.00026041666666666666], "val_v_acc": [0.4922238059482652, -1, -1, -1, -1, -1, -1, -1, -1, -1, -1, -1, -1, -1, -1, -1, -1, -1, -1, -1, -1, -1, -1, -1, -1]}}