{"loss": -1, "val_c_acc": 0.0006510416666666666, "val_v_acc": 0.6901094330868764, "mc": {"alpha_cl": 0.1, "batch_size": 512, "center_loss": true, "eval_steps": 4, "in_channels": 3, "lr": 0.011688533938385584, "lr_cl": 0.5, "lr_decay": 0.99, "model": "resnet18", "n_classes": 4000, "n_epochs": 100, "n_lr_decay_steps": 1}, "run_time": 5238.320981025696, "trajectories": {"epoch": [0, 4, 8, 12, 16, 20, 24, 28, 32, 36, 40, 44, 48, 52, 56, 60, 64, 68, 72, 76, 80, 84, 88, 92, 96], "train_loss": [50.41227019811864, 17.59113749456598, 10.86408209640277, 9.121494146888702, 8.583031792980826, 8.392488900617186, 8.317003882910008, 8.283932638360866, 8.267949678053926, 8.259475434612618, 8.254550723336427, 8.251454251932424, 8.249364254773065, 8.247887626791707, 8.246770594354272, 8.245901413271918, 8.245209112462573, 8.244638499469167, 8.24415896814893, 8.243750565786863, 8.243391873858979, 8.243067903120778, 8.242807392156301, 8.242561285139574, 8.242339710528244], "train_c_acc": [0.00032858765141318975, 0.0007176354306864065, 0.0008516991924629879, 0.0012118312584118438, 0.001064623990578735, 0.0010015351615074025, 0.001009421265141319, 0.0010330795760430686, 0.0010909110026917901, 0.0011198267160161506, 0.0011829155450874833, 0.001206573855989233, 0.0012433756729475101, 0.0012644052826379542, 0.0012775487886944818, 0.001293320995962315, 0.001303835800807537, 0.0013012070995962314, 0.001303835800807537, 0.0013064645020188425, 0.001314350605652759, 0.001314350605652759, 0.001309093203230148, 0.001314350605652759, 0.001309093203230148], "val_c_loss": [59.57891159057617, 59.55272572835286, 59.56397399902344, 59.57126134236653, 59.54652557373047, 59.59738006591797, 59.52069778442383, 59.54960556030274, 59.55120290120443, 59.52735900878906, 59.55072199503581, 59.57930323282878, 59.479000091552734, 59.564308675130206, 59.575306447347, 59.54197489420573, 59.61597620646159, 59.64179611206055, 59.59959818522135, 59.59310760498047, 59.53033218383789, 59.574364471435544, 59.62164815266927, 59.65082804361979, 59.55543950398763], "val_c_acc": [0.000390625, 0.0006510416666666666, 0.0005208333333333333, 0.0006510416666666666, 0.0005208333333333333, 0.0005208333333333333, 0.0005208333333333333, 0.0005208333333333333, 0.0006510416666666666, 0.0006510416666666666, 0.0006510416666666666, 0.0006510416666666666, 0.0006510416666666666, 0.0006510416666666666, 0.0006510416666666666, 0.0006510416666666666, 0.0006510416666666666, 0.0006510416666666666, 0.0006510416666666666, 0.0006510416666666666, 0.0006510416666666666, 0.0006510416666666666, 0.0006510416666666666, 0.0006510416666666666, 0.0006510416666666666], "val_v_acc": [0.5799528945671565, 0.6728422210963717, 0.6901094330868764, 0.683735669350961, 0.6826847445244371, 0.6787660261150357, 0.6774224881539217, 0.6762249398505707, 0.6761319004937874, 0.6761957049462395, 0.6754291536064727, 0.674346722690638, 0.6745084785976203, 0.6734947642319846, 0.6740210189190765, 0.6724354148937339, 0.6725807443233052, 0.6727824836495808, 0.6728591757563362, 0.6723906778314599, 0.6718983060551693, 0.6720922018705269, 0.6716419790619985, 0.671793303363551, 0.671446472289853]}}