{"loss": -1, "val_c_acc": 0.0005208333333333333, "val_v_acc": 0.6252717235146028, "mc": {"alpha_cl": 0.1, "batch_size": 512, "center_loss": true, "eval_steps": 4, "in_channels": 3, "lr": 0.05678428528778658, "lr_cl": 0.5, "lr_decay": 0.98, "model": "resnet18", "n_classes": 4000, "n_epochs": 100, "n_lr_decay_steps": 1}, "run_time": 5247.229279994965, "trajectories": {"epoch": [0, 4, 8, 12, 16, 20, 24, 28, 32, 36, 40, 44, 48, 52, 56, 60, 64, 68, 72, 76, 80, 84, 88, 92, 96], "train_loss": [50.46448728887422, 17.564620010304097, 10.833103194050642, 9.088646504952802, 8.549510263979515, 8.358863433950843, 8.283793226064937, 8.25147878433782, 8.236517761148322, 8.229101272162005, 8.225172232811415, 8.222994891663419, 8.22167123406925, 8.220913982006294, 8.220398565320597, 8.220082841362318, 8.219894445118962, 8.219771926849077, 8.219696154023243, 8.219645006018084, 8.219623751787928, 8.219601261503444, 8.21958489886524, 8.21959480526951, 8.219578173086749], "train_c_acc": [0.0004468792059219381, 0.000654546601615074, 0.0006624327052489906, 0.0007596946500672948, 0.0008595852960969044, 0.0009121593203230148, 0.0009515898384925976, 0.0009463324360699866, 0.0009805055518169582, 0.0009962777590847914, 0.000998906460296097, 0.0010015351615074025, 0.0010015351615074025, 0.0010015351615074025, 0.0010015351615074025, 0.0010015351615074025, 0.000998906460296097, 0.000998906460296097, 0.0010015351615074025, 0.000998906460296097, 0.000998906460296097, 0.000998906460296097, 0.000998906460296097, 0.000998906460296097, 0.0009962777590847914], "val_c_loss": [59.50924835205078, 59.417650095621745, 59.497065734863284, 59.49060974121094, 59.56103642781576, 59.54410069783528, 59.649723561604816, 59.54070943196614, 59.4679817199707, 59.525229390462236, 59.60691858927409, 59.612325541178386, 59.57948659261068, 59.59597651163737, 59.617391713460286, 59.6340939839681, 59.61827799479167, 59.60862325032552, 59.5763671875, 59.52995045979818, 59.603169504801436, 59.5802505493164, 59.570698801676436, 59.55177612304688, 59.620296732584634], "val_c_acc": [0.00026041666666666666, 0.00026041666666666666, 0.00026041666666666666, 0.00026041666666666666, 0.00026041666666666666, 0.000390625, 0.000390625, 0.0005208333333333333, 0.0005208333333333333, 0.0005208333333333333, 0.0005208333333333333, 0.0005208333333333333, 0.0005208333333333333, 0.0005208333333333333, 0.0005208333333333333, 0.0005208333333333333, 0.0005208333333333333, 0.0005208333333333333, 0.0005208333333333333, 0.0005208333333333333, 0.0005208333333333333, 0.0005208333333333333, 0.0005208333333333333, 0.0005208333333333333, 0.0005208333333333333], "val_v_acc": [0.5467312419135251, 0.6252717235146028, 0.6204420486553317, 0.6172332868250989, 0.6172526183065539, 0.6156923406346473, 0.6167719985920767, 0.6169247489865234, 0.6173543726754687, 0.6159669163350384, 0.6156448306139679, 0.6154928724933513, 0.615029656394009, 0.6149095212722355, 0.6147397369904412, 0.6146477275896369, 0.614619496232157, 0.6146060011679173, 0.614601696480107, 0.6146005872967448, 0.61459905556734, 0.6145986330212971, 0.6145996365681485, 0.6145998478411699, 0.61459984784117]}}