{"loss": -1, "val_c_acc": 0.048828125, "val_v_acc": 0.8596127481718545, "mc": {"alpha_cl": 0.01, "batch_size": 512, "center_loss": true, "eval_steps": 4, "in_channels": 3, "lr": 0.04110459132766935, "lr_cl": 0.6, "lr_decay": 0.97, "model": "resnet18", "n_classes": 4000, "n_epochs": 100, "n_lr_decay_steps": 1}, "run_time": 5230.964273691177, "trajectories": {"epoch": [0, 4, 8, 12, 16, 20, 24, 28, 32, 36, 40, 44, 48, 52, 56, 60, 64, 68, 72, 76, 80, 84, 88, 92, 96], "train_loss": [12.342051538131118, 7.981828507953505, 6.782464465093805, 6.290689927893083, 6.052058908531836, 5.932288482404172, 5.874639516884353, 5.846969614760551, 5.834173171709556, 5.828125302274969, 5.825347859317168, 5.823909057422089, 5.823288043447009, 5.823052938982423, 5.822922394060671, 5.822855180558093, 5.8229260579413396, 5.822847203964501, 5.822914050373062, 5.822905621971449, 5.8229445512650955, 5.822978416329919, 5.822891517089802, 5.822914456615217, 5.822891088385601], "train_c_acc": [0.0011986877523553162, 0.012896408142664873, 0.041664914199192465, 0.06706342530282638, 0.08363212903768506, 0.09295350353297442, 0.09797432284656797, 0.10039798536339166, 0.10173073687752356, 0.10252460464333782, 0.10281901917900403, 0.10312394851951548, 0.10314497812920592, 0.10322121046433379, 0.10322383916554509, 0.10320806695827725, 0.10321332436069987, 0.10322121046433379, 0.10319755215343203, 0.10321858176312247, 0.10319755215343203, 0.10321858176312247, 0.10321332436069987, 0.10320018085464334, 0.10320806695827725], "val_c_loss": [13.407863680521647, 12.760054206848144, 12.448109118143718, 12.375031661987304, 12.420168368021647, 12.500802675882975, 12.571992937723795, 12.624614079793295, 12.646099217732747, 12.691032536824544, 12.715154711405436, 12.729177220662434, 12.714726956685384, 12.724738756815592, 12.725675201416015, 12.734794616699219, 12.724256006876628, 12.71127535502116, 12.717352676391602, 12.731035550435385, 12.730573590596517, 12.722634188334148, 12.723539670308432, 12.728887240091959, 12.732426325480143], "val_c_acc": [0.0009114583333333333, 0.008984375, 0.024739583333333332, 0.036848958333333334, 0.04453125, 0.047135416666666666, 0.046875, 0.047526041666666664, 0.04778645833333333, 0.04830729166666667, 0.048828125, 0.0484375, 0.04869791666666667, 0.04869791666666667, 0.04869791666666667, 0.04869791666666667, 0.04869791666666667, 0.04869791666666667, 0.04869791666666667, 0.04869791666666667, 0.04869791666666667, 0.04869791666666667, 0.04869791666666667, 0.04869791666666667, 0.04869791666666667], "val_v_acc": [0.6681587471678851, 0.8064240519968259, 0.834439145130199, 0.8486864997806987, 0.853316759316929, 0.858076846124788, 0.8581198401846356, 0.8591804835701423, 0.8592781181151404, 0.8592576774503233, 0.8595612767820245, 0.8595902740042068, 0.8596127481718545, 0.85959307337174, 0.8595946051011448, 0.8595909078232711, 0.8595885310017806, 0.859587950000972, 0.859587791546206, 0.859587791546206, 0.8595878971827166, 0.8595878443644612, 0.8595877387279505, 0.8595877915462059, 0.8595878971827166]}}