{"loss": -1, "val_c_acc": 0.26223958333333336, "val_v_acc": 0.8731931403030332, "mc": {"alpha_cl": 0.01, "batch_size": 512, "center_loss": true, "eval_steps": 4, "in_channels": 3, "lr": 0.014605152676668917, "lr_cl": 0.4, "lr_decay": 1, "model": "resnet18", "n_classes": 4000, "n_epochs": 100, "n_lr_decay_steps": 4}, "run_time": 5203.202256202698, "trajectories": {"epoch": [0, 4, 8, 12, 16, 20, 24, 28, 32, 36, 40, 44, 48, 52, 56, 60, 64, 68, 72, 76, 80, 84, 88, 92, 96], "train_loss": [12.666028302579035, 9.064832847821119, 7.3392011198349305, 6.163380127415201, 5.227538259642281, 4.441619253094392, 3.7590695858643484, 3.1459084404268944, 2.577285737400902, 2.044938619332551, 1.5604242734601006, 1.1135798685483305, 0.7418225368291822, 0.5220137995794355, 0.4145699945625675, 0.3498072406003806, 0.30719192957813934, 0.2758151543894494, 0.25222123657951123, 0.23422928320928346, 0.2203864211148882, 0.2096169564877994, 0.20164319178939347, 0.1949891580186012, 0.18906082848681094], "train_c_acc": [0.000877986204576043, 0.004655429845222073, 0.03155230063930013, 0.09837651413189771, 0.19684503280619112, 0.30752649730820997, 0.41489842698519513, 0.5210532680013459, 0.6282990200201884, 0.7410755593876177, 0.847440696500673, 0.9400051522543742, 0.9903132360363391, 0.9992560775572006, 0.9998396492261103, 0.9999526833781965, 0.9999763416890982, 0.9999921138963661, 0.9999894851951547, 0.9999973712987887, 0.9999921138963661, 0.9999842277927322, 0.9999842277927322, 0.9999868564939435, 0.9999815990915208], "val_c_loss": [13.420280520121256, 13.053208160400391, 12.478316307067871, 11.88366241455078, 11.392908032735189, 11.076748275756836, 10.877327092488606, 10.866606203715007, 10.944056193033854, 11.276565869649252, 11.444661204020182, 11.736830647786459, 12.049668884277343, 12.164485740661622, 12.354521878560384, 12.542489433288575, 12.687174288431804, 12.846993891398112, 13.02277348836263, 13.157888539632161, 13.254088083902994, 13.375705846150716, 13.455468877156575, 13.543889745076497, 13.665955416361491], "val_c_acc": [0.0006510416666666666, 0.003515625, 0.0203125, 0.06614583333333333, 0.12864583333333332, 0.19140625, 0.23046875, 0.25169270833333335, 0.26223958333333336, 0.255859375, 0.2520833333333333, 0.24244791666666668, 0.23958333333333334, 0.22005208333333334, 0.20807291666666666, 0.201953125, 0.194921875, 0.18684895833333334, 0.177734375, 0.171875, 0.17356770833333332, 0.166796875, 0.1640625, 0.158984375, 0.15703125], "val_v_acc": [0.6530426378535338, 0.7848294139370897, 0.82431311971659, 0.8529999818305202, 0.8665218513347808, 0.8706673713326173, 0.8698233884305203, 0.8731931403030332, 0.8687258779027855, 0.8588525878409841, 0.8483084002998387, 0.8514627857361977, 0.8473774257311948, 0.8322044575649685, 0.8332637012667085, 0.8296750705440619, 0.8211668947006812, 0.8161847599473677, 0.8143790094337631, 0.8059045316372898, 0.8043487171079596, 0.8064727240191227, 0.8038460985901329, 0.7998858386229055, 0.7941181379579025]}}