{"loss": -1, "val_c_acc": 0.000390625, "val_v_acc": 0.6594200460490678, "mc": {"alpha_cl": 1, "batch_size": 512, "center_loss": true, "eval_steps": 4, "in_channels": 3, "lr": 0.019204357817277615, "lr_cl": 0.5, "lr_decay": 1, "model": "resnet18", "n_classes": 4000, "n_epochs": 100, "n_lr_decay_steps": 2}, "run_time": 5261.944301605225, "trajectories": {"epoch": [0, 4, 8, 12, 16, 20, 24, 28, 32, 36, 40, 44, 48, 52, 56, 60, 64, 68, 72, 76, 80, 84, 88, 92, 96], "train_loss": [430.3982498353776, 101.41937312335378, 34.182711286788674, 16.77912064035038, 11.42579081626471, 9.55057993872169, 8.823268835188403, 8.51671001824524, 8.37800002322704, 8.31125860483778, 8.277246780703559, 8.259098305836982, 8.248868907605013, 8.242914022699821, 8.239318367610228, 8.237014479142982, 8.235545860485626, 8.234541854499005, 8.233852730464807, 8.233378393653263, 8.233010063582121, 8.232762168586495, 8.232574781209912, 8.232412840123132, 8.232312753094638], "train_c_acc": [0.0003864190780619112, 0.0006939771197846568, 0.000654546601615074, 0.000654546601615074, 0.000654546601615074, 0.000654546601615074, 0.0006519179004037685, 0.000654546601615074, 0.000654546601615074, 0.0006519179004037685, 0.000654546601615074, 0.0006519179004037685, 0.000654546601615074, 0.000654546601615074, 0.000654546601615074, 0.000654546601615074, 0.000654546601615074, 0.000654546601615074, 0.000654546601615074, 0.000654546601615074, 0.000654546601615074, 0.000654546601615074, 0.0006519179004037685, 0.0006519179004037685, 0.000654546601615074], "val_c_loss": [521.8409830729166, 520.4728434244792, 520.6796834309896, 521.0790079752604, 520.5938598632813, 519.9486409505208, 520.2150024414062, 521.2235392252604, 520.5984090169271, 520.4804728190104, 520.071826171875, 519.9862426757812, 520.1790934244792, 520.5764729817708, 519.4858072916667, 520.2774739583333, 520.1852294921875, 520.3577596028646, 520.6359049479166, 520.1939412434896, 519.3776000976562, 521.1782430013021, 520.5899780273437, 519.7891967773437, 519.8189819335937], "val_c_acc": [0.000390625, 0.00013020833333333333, 0.00026041666666666666, 0.00026041666666666666, 0.00026041666666666666, 0.00026041666666666666, 0.00026041666666666666, 0.00026041666666666666, 0.00026041666666666666, 0.00026041666666666666, 0.00026041666666666666, 0.00026041666666666666, 0.00026041666666666666, 0.00026041666666666666, 0.00026041666666666666, 0.00026041666666666666, 0.00026041666666666666, 0.00026041666666666666, 0.00026041666666666666, 0.00026041666666666666, 0.00026041666666666666, 0.00026041666666666666, 0.00026041666666666666, 0.00026041666666666666, 0.00026041666666666666], "val_v_acc": [0.6594200460490678, 0.6447304441465964, 0.6366029558785873, 0.6278639378502379, 0.6219956184088099, 0.6131012883006297, 0.6032432627146217, 0.5981528241287313, 0.5934558815451325, 0.5948198073528081, 0.597354396971866, 0.6042297492696292, 0.6137047368679028, 0.6231544245218681, 0.6303217297260295, 0.6384081253913833, 0.6443721779206172, 0.6471653393086978, 0.6488388065018004, 0.6493460202078419, 0.6476866554889154, 0.645032247657616, 0.641837852392836, 0.6379411327867841, 0.6342491367384346]}}